{"cameraMode":{"drawMode":0,"name":"Shaded","section":"Shading Mode"},"sceneLighting":false,"audioPlay":false,"sceneViewState":{"m_AlwaysRefresh":false,"showFog":true,"showSkybox":false,"showFlares":true,"showImageEffects":true,"showParticleSystems":true,"showVisualEffectGraphs":true,"m_FxEnabled":true},"in2DMode":false,"pivot":{"x":0.07437431812286377,"y":2.555624485015869,"z":11.548697471618653},"rotation":{"x":0.24229952692985536,"y":-0.023864977061748506,"z":0.005956299137324095,"w":0.9699363708496094},"size":3.7959954738616945,"orthographic":false}