{"cameraMode":{"drawMode":0,"name":"Shaded","section":"Shading Mode"},"sceneLighting":false,"audioPlay":false,"sceneViewState":{"m_AlwaysRefresh":false,"showFog":true,"showSkybox":false,"showFlares":true,"showImageEffects":true,"showParticleSystems":true,"showVisualEffectGraphs":true,"m_FxEnabled":true},"in2DMode":false,"pivot":{"x":0.03571078181266785,"y":0.06119997054338455,"z":-1.6374186277389527},"rotation":{"x":0.24229952692985536,"y":-0.023864977061748506,"z":0.005956299137324095,"w":0.9699363708496094},"size":0.7316755652427673,"orthographic":false}