{"cameraMode":{"drawMode":0,"name":"Shaded","section":"Shading Mode"},"sceneLighting":false,"audioPlay":false,"sceneViewState":{"m_AlwaysRefresh":false,"showFog":true,"showSkybox":false,"showFlares":true,"showImageEffects":true,"showParticleSystems":true,"showVisualEffectGraphs":true,"m_FxEnabled":true},"in2DMode":false,"pivot":{"x":9.419678688049317,"y":2.287531852722168,"z":12.520196914672852},"rotation":{"x":-0.11586610972881317,"y":0.06847187131643295,"z":-0.008004686795175076,"w":-0.9909196496009827},"size":4.487189292907715,"orthographic":false}